{
  "project_info": {
    "project_number": "834461630659",
    "project_id": "chatik-1326b",
    "storage_bucket": "chatik-1326b.appspot.com"
  },
  "client": [
    {
      "client_info": {
        "mobilesdk_app_id": "1:834461630659:android:983a97665b607dca04a276",
        "android_client_info": {
          "package_name": "com.example.chatik"
        }
      },
      "oauth_client": [],
      "api_key": [
        {
          "current_key": "AIzaSyADstlok4Y0-7V7-XoRBaKIknOynH_8NFw"
        }
      ],
      "services": {
        "appinvite_service": {
          "other_platform_oauth_client": []
        }
      }
    }
  ],
  "configuration_version": "1"
}